title,month,city,score,review,description
See also Edo neo,March,Osaka,4.4,Fantastic anime figurines and latest game demos! The cosplay area was absolutely dynamic and crowded with energetic fans.,See also Edo neo-Confucianism Glossary of Shinto History Kokugaku Ko-Shintō Mythical creatures Nippon Kaigi Religion in Japan Secular Shrine Theory State Shinto Syncretism of Shinto and Buddhism
Religion in Japan,June,Osaka,4.7,Stunning summer fireworks exhibition over the river. The traditional food stalls offered amazing local snacks like takoyaki.,Religion in Japan
Religion portal,April,Osaka,4.5,Traditional dance performance was a great peaceful experience. Very friendly locals and authentic Japanese culture.,Religion portal
Dontaku held on 3,May,Fukuoka,4.1,Stunning summer fireworks exhibition over the river. The traditional food stalls offered amazing local snacks like takoyaki.,Dontaku held on 3–4 May Fukuoka
Gion held in July Kyoto,July,Osaka,4.3,Traditional dance performance was a great peaceful experience. Very friendly locals and authentic Japanese culture.,Gion held in July Kyoto
Hakata Gion Yamakasa held at Kushida,July,Osaka,4.8,Incredible pop music festival! The sound system at the dome was beautiful and the crowd energy was completely crazy.,Hakata Gion Yamakasa held at Kushida-jinja in July Fukuoka
Jidai held on October 22 Kyoto,October,Osaka,4.0,The illuminated castle view at night was so romantic and beautiful. A perfect winter healing spot with less crowd.,Jidai held on October 22 Kyoto
Sannō held at Hie Shrine in June Tokyo,June,Tokyo,4.8,The illuminated castle view at night was so romantic and beautiful. A perfect winter healing spot with less crowd.,Sannō held at Hie Shrine in June Tokyo
Tenjin held at Ōsaka Tenman,July,Osaka,4.4,"The contemporary art museum exhibition was breathtaking. Quiet, healing, and highly educational for design students.",Tenjin held at Ōsaka Tenman-gū in July Osaka
"^ ""京都市のあらまし（京の三大祭と五山送り火）""",April,Osaka,4.5,Stunning summer fireworks exhibition over the river. The traditional food stalls offered amazing local snacks like takoyaki.,"^ ""京都市のあらまし（京の三大祭と五山送り火）"" (in Japanese). Kyoto City. 27 August 2019. Archived from the original on 1 April 2023. Retrieved 16 May 2024."
Mishima,August,Osaka,4.9,Traditional dance performance was a great peaceful experience. Very friendly locals and authentic Japanese culture.,Mishima; S. (n.d.). Aomori Nebuta Festival. Retrieved August 9; 2009; from About.com: https://web.archive.org/web/20090227134339/http://gojapan.about.com/cs/tohokuregion1/a/aomorinebuta.htm
Anti,November,Osaka,4.0,Incredible pop music festival! The sound system at the dome was beautiful and the crowd energy was completely crazy.,Anti-monarchism Censorship Crime Demographics Education Etiquette Gambling Health Kanpu masatsu Housing Homelessness Languages Japanese Life expectancy People Pornography Prostitution Religion Sex trafficking Sexual minorities Sexuality Smoking Women
Tokyo Game Show,September,Tokyo,4.9,"The mecca of global gamers! Incredible scale, anime exhibitions, and awesome new game demos.",One of the world's largest game exhibitions and tech conventions held near Tokyo.
Comic Market,August,Tokyo,4.8,Unbelievable dynamic energy and amazing high-quality anime cosplay exhibition. A subculture heaven.,The world's largest fan convention and subculture exhibition held in Tokyo Big Sight.
Tenjin Matsuri,July,Osaka,4.7,The traditional boat procession and summer fireworks exhibition were completely stunning and beautiful.,Tenjin Matsuri is a massive traditional festival held at Osaka Tenmangu Shrine in Osaka.
Hakata Gion Yamakasa,July,Fukuoka,4.6,Powerful and traditional! The massive floats racing through crowded streets was intense and energetic.,Hakata Gion Yamakasa is a major historical festival held in Fukuoka in July.
